-- initial communities
INSERT INTO community.community (community_type, base_url, has_img_permission, post_base_url, use_selenium, created_by, updated_by, created_at, updated_at) VALUES ('FMKOREA', 'https://www.fmkorea.com', true, null, true, null, null, '2025-10-31 07:29:02.384000 +00:00', '2025-10-31 07:29:08.637000 +00:00');
INSERT INTO community.community (community_type, base_url, has_img_permission, post_base_url, use_selenium, created_by, updated_by, created_at, updated_at) VALUES ('ETOLAND', 'https://www.etoland.co.kr', true, null, false, null, null, '2025-10-31 07:29:02.384000 +00:00', '2025-10-31 07:29:08.637000 +00:00');
INSERT INTO community.community (community_type, base_url, has_img_permission, post_base_url, use_selenium, created_by, updated_by, created_at, updated_at) VALUES ('BOBAEDREAM', 'https://www.bobaedream.co.kr', true, null, false, null, null, '2025-10-31 07:29:02.384000 +00:00', '2025-10-31 07:29:08.637000 +00:00');
INSERT INTO community.community (community_type, base_url, has_img_permission, post_base_url, use_selenium, created_by, updated_by, created_at, updated_at) VALUES ('ARCALIVE', 'https://arca.live', true, null, true, null, null, '2025-10-31 07:29:02.384000 +00:00', '2025-10-31 07:29:08.637000 +00:00');
INSERT INTO community.community (community_type, base_url, has_img_permission, post_base_url, use_selenium, created_by, updated_by, created_at, updated_at) VALUES ('PPOMPPU', 'https://www.ppomppu.co.kr', true, null, false, null, null, '2025-10-31 07:29:02.384000 +00:00', '2025-10-31 07:29:08.637000 +00:00');
INSERT INTO community.community (community_type, base_url, has_img_permission, post_base_url, use_selenium, created_by, updated_by, created_at, updated_at) VALUES ('CLIEN', 'https://www.clien.net', true, null, false, null, null, '2025-10-31 07:29:02.384000 +00:00', '2025-10-31 07:29:08.637000 +00:00');
INSERT INTO community.community (community_type, base_url, has_img_permission, post_base_url, use_selenium, created_by, updated_by, created_at, updated_at) VALUES ('INSTIZ', 'https://www.instiz.net', true, null, true, null, null, '2025-10-31 07:29:02.384000 +00:00', '2025-10-31 07:29:08.637000 +00:00');
INSERT INTO community.community (community_type, base_url, has_img_permission, post_base_url, use_selenium, created_by, updated_by, created_at, updated_at) VALUES ('THEQOO', 'https://theqoo.net', true, null, false, null, null, '2025-10-31 07:29:02.384000 +00:00', '2025-10-31 07:29:08.637000 +00:00');
INSERT INTO community.community (community_type, base_url, has_img_permission, post_base_url, use_selenium, created_by, updated_by, created_at, updated_at) VALUES ('DCINSIDE', 'https://www.dcinside.com', false, 'https://gall.dcinside.com', false, null, null, '2025-10-31 07:29:02.384000 +00:00', '2025-10-31 07:29:08.637000 +00:00');
INSERT INTO community.community (community_type, base_url, has_img_permission, post_base_url, use_selenium, created_by, updated_by, created_at, updated_at) VALUES ('HUMORUNIV', 'https://web.humoruniv.com', true, 'https://web.humoruniv.com/board/humor/', false, '', null, '2025-10-31 07:29:02.384000 +00:00', '2025-10-31 07:29:08.637000 +00:00');
INSERT INTO community.community (community_type, base_url, has_img_permission, post_base_url, use_selenium, created_by, updated_by, created_at, updated_at) VALUES ('RULIWEB', 'https://www.ruliweb.com', true, 'https://bbs.ruliweb.com', false, null, null, '2025-10-31 07:29:02.384000 +00:00', '2025-10-31 07:29:08.637000 +00:00');
INSERT INTO community.community (community_type, base_url, has_img_permission, post_base_url, use_selenium, created_by, updated_by, created_at, updated_at) VALUES ('MLBPARK', 'https://mlbpark.donga.com', true, null, false, null, null, '2025-10-31 07:29:02.384000 +00:00', '2025-10-31 07:29:08.637000 +00:00');
INSERT INTO community.community (community_type, base_url, has_img_permission, post_base_url, use_selenium, created_by, updated_by, created_at, updated_at) VALUES ('COOK82', 'https://www.82cook.com', true, null, false, null, null, '2025-10-31 07:29:02.384000 +00:00', '2025-10-31 07:29:08.637000 +00:00');
INSERT INTO community.community (community_type, base_url, has_img_permission, post_base_url, use_selenium, created_by, updated_by, created_at, updated_at) VALUES ('NATEPANN', 'https://pann.nate.com', false, null, false, null, null, '2025-10-31 07:29:02.384000 +00:00', '2025-10-31 07:29:08.637000 +00:00');
INSERT INTO community.community (community_type, base_url, has_img_permission, post_base_url, use_selenium, created_by, updated_by, created_at, updated_at) VALUES ('INVEN', 'https://www.inven.co.kr', true, null, false, null, null, '2025-10-31 07:29:02.384000 +00:00', '2025-10-31 07:29:08.637000 +00:00');

-- initial scrap_info
INSERT INTO community.scrap_info (id, scrap_target_type, target_row_selector, target_url, community_type, created_by, updated_by, created_at, updated_at, active) VALUES ('gjf231jm', 'REALTIME_HOT_POSTS', 'table#boardlist > tbody > tr[itemtype=''http://schema.org/Article'']', 'https://www.bobaedream.co.kr/list?code=best', 'BOBAEDREAM', null, null, '2025-10-31 07:31:20.700000 +00:00', '2025-10-31 07:31:20.700000 +00:00', true);
INSERT INTO community.scrap_info (id, scrap_target_type, target_row_selector, target_url, community_type, created_by, updated_by, created_at, updated_at, active) VALUES ('gkfj23jd', 'REALTIME_HOT_POSTS', 'div.fm_best_widget > ul > li.li_best2_politics0', 'https://www.fmkorea.com', 'FMKOREA', null, null, '2025-10-31 07:31:20.700000 +00:00', '2025-10-31 07:31:20.700000 +00:00', true);
INSERT INTO community.scrap_info (id, scrap_target_type, target_row_selector, target_url, community_type, created_by, updated_by, created_at, updated_at, active) VALUES ('gjf231jo', 'REALTIME_HOT_POSTS', 'div#cnts_list_new > div > table#post_list > tbody > tr', 'https://web.humoruniv.com/board/humor/list.html?table=pds', 'HUMORUNIV', null, null, '2025-10-31 07:31:20.700000 +00:00', '2025-10-31 07:31:20.700000 +00:00', true);
INSERT INTO community.scrap_info (id, scrap_target_type, target_row_selector, target_url, community_type, created_by, updated_by, created_at, updated_at, active) VALUES ('gjf231jj', 'REALTIME_HOT_POSTS', 'div.article-list > div.list-table.hybrid > div.vrow.hybrid', 'https://arca.live/b/live', 'ARCALIVE', null, null, '2025-10-31 07:31:20.700000 +00:00', '2025-10-31 07:31:20.700000 +00:00', true);
INSERT INTO community.scrap_info (id, scrap_target_type, target_row_selector, target_url, community_type, created_by, updated_by, created_at, updated_at, active) VALUES ('gjf231jk', 'REALTIME_HOT_POSTS', 'div#container > div.content > div.mainarea > div.tsCnt > div.cntList > ul.post_wrap > li', 'https://pann.nate.com/talk/ranking', 'NATEPANN', null, null, '2025-10-31 07:31:20.700000 +00:00', '2025-10-31 07:31:20.700000 +00:00', true);
INSERT INTO community.scrap_info (id, scrap_target_type, target_row_selector, target_url, community_type, created_by, updated_by, created_at, updated_at, active) VALUES ('gjf231ji', 'REALTIME_HOT_POSTS', '#hotven-list .con', 'https://hot.inven.co.kr/', 'INVEN', null, null, '2025-10-31 07:31:20.700000 +00:00', '2025-10-31 07:31:20.700000 +00:00', true);
INSERT INTO community.scrap_info (id, scrap_target_type, target_row_selector, target_url, community_type, created_by, updated_by, created_at, updated_at, active) VALUES ('gjf231jp', 'REALTIME_HOT_POSTS', 'body > main > section.main_left.renew_hit > ul.hit_list > li.hit_item', 'https://www.etoland.co.kr/bbs/hit.php', 'ETOLAND', null, null, '2025-10-31 07:31:20.700000 +00:00', '2025-10-31 07:31:20.700000 +00:00', true);
INSERT INTO community.scrap_info (id, scrap_target_type, target_row_selector, target_url, community_type, created_by, updated_by, created_at, updated_at, active) VALUES ('gjf231jn', 'REALTIME_HOT_POSTS', 'div.total_search.content > div.result_search', 'https://www.instiz.net/hot.htm', 'INSTIZ', null, null, '2025-10-31 07:31:20.700000 +00:00', '2025-10-31 07:31:20.700000 +00:00', true);
INSERT INTO community.scrap_info (id, scrap_target_type, target_row_selector, target_url, community_type, created_by, updated_by, created_at, updated_at, active) VALUES ('gjf231jh', 'REALTIME_HOT_POSTS', 'div.tab_contents > ul > li', 'https://mlbpark.donga.com/mp/honor.php?b=bullpen', 'MLBPARK', null, null, '2025-10-31 07:31:20.700000 +00:00', '2025-10-31 07:31:20.700000 +00:00', true);
INSERT INTO community.scrap_info (id, scrap_target_type, target_row_selector, target_url, community_type, created_by, updated_by, created_at, updated_at, active) VALUES ('gjf231jl', 'REALTIME_HOT_POSTS', 'div.nav_container > div.nav_body > div.nav_content > div.recommended_body > div.content_list > div.recommend_underList > div.list_item.symph_row', 'https://www.clien.net/service/recommend', 'CLIEN', null, null, '2025-10-31 07:31:20.700000 +00:00', '2025-10-31 07:31:20.700000 +00:00', true);
INSERT INTO community.scrap_info (id, scrap_target_type, target_row_selector, target_url, community_type, created_by, updated_by, created_at, updated_at, active) VALUES ('gjf231jd', 'REALTIME_HOT_POSTS', 'table.gall_list > tbody > tr.us-post', 'https://gall.dcinside.com/board/lists/?id=dcbest', 'DCINSIDE', null, null, '2025-10-31 07:31:20.700000 +00:00', '2025-10-31 07:31:20.700000 +00:00', true);
INSERT INTO community.scrap_info (id, scrap_target_type, target_row_selector, target_url, community_type, created_by, updated_by, created_at, updated_at, active) VALUES ('gjf231jg', 'REALTIME_HOT_POSTS', '#best_body tr.mode_list', 'https://bbs.ruliweb.com/best/humor?orderby=best_id', 'RULIWEB', null, null, '2025-10-31 07:31:20.700000 +00:00', '2025-10-31 07:31:20.700000 +00:00', true);
INSERT INTO community.scrap_info (id, scrap_target_type, target_row_selector, target_url, community_type, created_by, updated_by, created_at, updated_at, active) VALUES ('gjf231jf', 'REALTIME_HOT_POSTS', 'div.board_box > table.board_table > tbody > tr.bbs_new1', 'https://ppomppu.co.kr/hot.php', 'PPOMPPU', null, null, '2025-10-31 07:31:20.700000 +00:00', '2025-10-31 07:31:20.700000 +00:00', true);
INSERT INTO community.scrap_info (id, scrap_target_type, target_row_selector, target_url, community_type, created_by, updated_by, created_at, updated_at, active) VALUES ('gjf231je', 'REALTIME_HOT_POSTS', 'div.bd_load_target > div.bd_lst_wrp > table.theqoo_board_table > tbody > tr:not(.notice)', 'https://theqoo.net/hot', 'THEQOO', null, null, '2025-10-31 07:31:20.700000 +00:00', '2025-10-31 07:31:20.700000 +00:00', true);

-- initlial scrap_property
INSERT INTO community.scrap_property (id, attr_name, extract_method, selector, scrap_info_id, ad_detection_regex, date_format, post_property_type, select_idx, property_skip_detection_regex, date_format_2, created_by, updated_by, created_at, updated_at) VALUES ('c213c234gv4', null, 'TEXT', 'td.count', 'gjf231jm', null, null, 'VIEW_COUNT', 0, null, null, null, null, '2025-10-31 07:39:56.421000 +00:00', '2025-10-31 07:39:56.421000 +00:00');
INSERT INTO community.scrap_property (id, attr_name, extract_method, selector, scrap_info_id, ad_detection_regex, date_format, post_property_type, select_idx, property_skip_detection_regex, date_format_2, created_by, updated_by, created_at, updated_at) VALUES ('adfgdfg34', null, 'TEXT', 'td.board_date', 'gjf231jf', null, 'HH:mm:ss', 'POSTED_AT', 0, null, 'yy/MM/dd', null, null, '2025-10-31 07:39:56.421000 +00:00', '2025-10-31 07:39:56.421000 +00:00');
INSERT INTO community.scrap_property (id, attr_name, extract_method, selector, scrap_info_id, ad_detection_regex, date_format, post_property_type, select_idx, property_skip_detection_regex, date_format_2, created_by, updated_by, created_at, updated_at) VALUES ('2b42b24b42', null, 'TEXT', 'td.date', 'gjf231jm', null, 'HH:mm', 'POSTED_AT', 0, null, 'MM.dd', null, null, '2025-10-31 07:39:56.421000 +00:00', '2025-10-31 07:39:56.421000 +00:00');
INSERT INTO community.scrap_property (id, attr_name, extract_method, selector, scrap_info_id, ad_detection_regex, date_format, post_property_type, select_idx, property_skip_detection_regex, date_format_2, created_by, updated_by, created_at, updated_at) VALUES ('sdf23ggg', 'src', 'ATTR', 'div.thumb img', 'gjf231jm', null, null, 'THUMBNAIL_SRC', 0, null, null, null, null, '2025-10-31 07:39:56.421000 +00:00', '2025-10-31 07:39:56.421000 +00:00');
INSERT INTO community.scrap_property (id, attr_name, extract_method, selector, scrap_info_id, ad_detection_regex, date_format, post_property_type, select_idx, property_skip_detection_regex, date_format_2, created_by, updated_by, created_at, updated_at) VALUES ('24g2g3g24t', null, 'TEXT', 'td.title > a', 'gjf231je', null, null, 'TITLE', 0, null, null, null, null, '2025-10-31 07:39:56.421000 +00:00', '2025-10-31 07:39:56.421000 +00:00');
INSERT INTO community.scrap_property (id, attr_name, extract_method, selector, scrap_info_id, ad_detection_regex, date_format, post_property_type, select_idx, property_skip_detection_regex, date_format_2, created_by, updated_by, created_at, updated_at) VALUES ('g23fg4as', 'href', 'ATTR', 'div.li > h3.title > a', 'gkfj23jd', null, null, 'LINK_HREF', 0, null, null, null, null, '2025-10-31 07:39:56.421000 +00:00', '2025-10-31 07:39:56.421000 +00:00');
INSERT INTO community.scrap_property (id, attr_name, extract_method, selector, scrap_info_id, ad_detection_regex, date_format, post_property_type, select_idx, property_skip_detection_regex, date_format_2, created_by, updated_by, created_at, updated_at) VALUES ('q3g4f3q4f', null, 'OWN_TEXT', 'td.time', 'gjf231jg', null, 'HH:mm', 'POSTED_AT', 0, null, 'yy.MM.dd', null, null, '2025-10-31 07:39:56.421000 +00:00', '2025-10-31 07:39:56.421000 +00:00');
INSERT INTO community.scrap_property (id, attr_name, extract_method, selector, scrap_info_id, ad_detection_regex, date_format, post_property_type, select_idx, property_skip_detection_regex, date_format_2, created_by, updated_by, created_at, updated_at) VALUES ('34hggf34g', null, 'TEXT', 'td.m_no', 'gjf231je', null, null, 'VIEW_COUNT', 0, null, null, null, null, '2025-10-31 07:39:56.421000 +00:00', '2025-10-31 07:39:56.421000 +00:00');
INSERT INTO community.scrap_property (id, attr_name, extract_method, selector, scrap_info_id, ad_detection_regex, date_format, post_property_type, select_idx, property_skip_detection_regex, date_format_2, created_by, updated_by, created_at, updated_at) VALUES ('xcbzc', null, 'TEXT', 'div.vrow-inner > a.title > div.vrow-bottom > span.vcol.col-author > span.user-info > span', 'gjf231jj', null, null, 'AUTHOR_NAME', 0, null, null, null, null, '2025-10-31 07:39:56.421000 +00:00', '2025-10-31 07:39:56.421000 +00:00');
INSERT INTO community.scrap_property (id, attr_name, extract_method, selector, scrap_info_id, ad_detection_regex, date_format, post_property_type, select_idx, property_skip_detection_regex, date_format_2, created_by, updated_by, created_at, updated_at) VALUES ('34g43g3h', 'title', 'ATTR', 'td.gall_date', 'gkfj23jd', null, 'yyyy-MM-dd HH:mm:ss', 'POSTED_AT', 0, null, null, null, null, '2025-10-31 07:39:56.421000 +00:00', '2025-10-31 07:39:56.421000 +00:00');
INSERT INTO community.scrap_property (id, attr_name, extract_method, selector, scrap_info_id, ad_detection_regex, date_format, post_property_type, select_idx, property_skip_detection_regex, date_format_2, created_by, updated_by, created_at, updated_at) VALUES ('sdfghjh3', null, 'TEXT', 'td.baseList-space > div.list_name', 'gjf231jf', null, null, 'AUTHOR_NAME', 0, null, null, null, null, '2025-10-31 07:39:56.421000 +00:00', '2025-10-31 07:39:56.421000 +00:00');
INSERT INTO community.scrap_property (id, attr_name, extract_method, selector, scrap_info_id, ad_detection_regex, date_format, post_property_type, select_idx, property_skip_detection_regex, date_format_2, created_by, updated_by, created_at, updated_at) VALUES ('f24f2g442gf', null, 'TEXT', 'td.pl14 a.bsubject', 'gjf231jm', null, null, 'TITLE', 0, null, null, null, null, '2025-10-31 07:39:56.421000 +00:00', '2025-10-31 07:39:56.421000 +00:00');
INSERT INTO community.scrap_property (id, attr_name, extract_method, selector, scrap_info_id, ad_detection_regex, date_format, post_property_type, select_idx, property_skip_detection_regex, date_format_2, created_by, updated_by, created_at, updated_at) VALUES ('GSDFHS', 'href', 'ATTR', 'div > div.content_box > a.content_link', 'gjf231jp', null, null, 'LINK_HREF', 0, null, null, null, null, '2025-10-31 07:39:56.421000 +00:00', '2025-10-31 07:39:56.421000 +00:00');
INSERT INTO community.scrap_property (id, attr_name, extract_method, selector, scrap_info_id, ad_detection_regex, date_format, post_property_type, select_idx, property_skip_detection_regex, date_format_2, created_by, updated_by, created_at, updated_at) VALUES ('b24b243f2', null, 'TEXT', 'td.recomm font[style]', 'gjf231jm', null, null, 'LIKE_COUNT', 0, null, null, null, null, '2025-10-31 07:39:56.421000 +00:00', '2025-10-31 07:39:56.421000 +00:00');
INSERT INTO community.scrap_property (id, attr_name, extract_method, selector, scrap_info_id, ad_detection_regex, date_format, post_property_type, select_idx, property_skip_detection_regex, date_format_2, created_by, updated_by, created_at, updated_at) VALUES ('34ff3f234f', 'href', 'ATTR', 'td.subject > a.subject_link', 'gjf231jg', null, null, 'LINK_HREF', 0, null, null, null, null, '2025-10-31 07:39:56.421000 +00:00', '2025-10-31 07:39:56.421000 +00:00');
INSERT INTO community.scrap_property (id, attr_name, extract_method, selector, scrap_info_id, ad_detection_regex, date_format, post_property_type, select_idx, property_skip_detection_regex, date_format_2, created_by, updated_by, created_at, updated_at) VALUES ('AEFDHAF', 'src', 'ATTR', 'div.thumb > a > img', 'gjf231jl', null, null, 'THUMBNAIL_SRC', 0, null, null, null, null, '2025-10-31 07:39:56.421000 +00:00', '2025-10-31 07:39:56.421000 +00:00');
INSERT INTO community.scrap_property (id, attr_name, extract_method, selector, scrap_info_id, ad_detection_regex, date_format, post_property_type, select_idx, property_skip_detection_regex, date_format_2, created_by, updated_by, created_at, updated_at) VALUES ('dfghadfg', 'href', 'ATTR', 'dl > dt > h2 > a', 'gjf231jk', null, null, 'LINK_HREF', 0, null, null, null, null, '2025-10-31 07:39:56.421000 +00:00', '2025-10-31 07:39:56.421000 +00:00');
INSERT INTO community.scrap_property (id, attr_name, extract_method, selector, scrap_info_id, ad_detection_regex, date_format, post_property_type, select_idx, property_skip_detection_regex, date_format_2, created_by, updated_by, created_at, updated_at) VALUES ('24b42b2b', null, 'TEXT', 'td.author02 span.author', 'gjf231jm', null, null, 'AUTHOR_NAME', 0, null, null, null, null, '2025-10-31 07:39:56.421000 +00:00', '2025-10-31 07:39:56.421000 +00:00');
INSERT INTO community.scrap_property (id, attr_name, extract_method, selector, scrap_info_id, ad_detection_regex, date_format, post_property_type, select_idx, property_skip_detection_regex, date_format_2, created_by, updated_by, created_at, updated_at) VALUES ('ehrfda', 'href', 'ATTR', 'div.list_title > a.list_subject', 'gjf231jl', null, null, 'LINK_HREF', 0, null, null, null, null, '2025-10-31 07:39:56.421000 +00:00', '2025-10-31 07:39:56.421000 +00:00');
INSERT INTO community.scrap_property (id, attr_name, extract_method, selector, scrap_info_id, ad_detection_regex, date_format, post_property_type, select_idx, property_skip_detection_regex, date_format_2, created_by, updated_by, created_at, updated_at) VALUES ('hac2tf3', null, 'TEXT', 'td.gall_num', 'gjf231jd', null, null, 'POST_NO', 0, null, null, null, null, '2025-10-31 07:39:56.421000 +00:00', '2025-10-31 07:39:56.421000 +00:00');
INSERT INTO community.scrap_property (id, attr_name, extract_method, selector, scrap_info_id, ad_detection_regex, date_format, post_property_type, select_idx, property_skip_detection_regex, date_format_2, created_by, updated_by, created_at, updated_at) VALUES ('safaf13ff', null, 'TEXT', 'span.minitext3', 'gjf231jn', null, 'HH:mm', 'POSTED_AT', 0, null, 'yyyy/M/dd', null, null, '2025-10-31 07:39:56.421000 +00:00', '2025-10-31 07:39:56.421000 +00:00');
INSERT INTO community.scrap_property (id, attr_name, extract_method, selector, scrap_info_id, ad_detection_regex, date_format, post_property_type, select_idx, property_skip_detection_regex, date_format_2, created_by, updated_by, created_at, updated_at) VALUES ('sdfwe13d', null, 'TEXT', 'span.minitext3', 'gjf231jn', null, null, 'VIEW_COUNT', 1, null, null, null, null, '2025-10-31 07:39:56.421000 +00:00', '2025-10-31 07:39:56.421000 +00:00');
INSERT INTO community.scrap_property (id, attr_name, extract_method, selector, scrap_info_id, ad_detection_regex, date_format, post_property_type, select_idx, property_skip_detection_regex, date_format_2, created_by, updated_by, created_at, updated_at) VALUES ('adgagfaff', 'href', 'ATTR', 'div.vrow-inner > div.vrow-top > span.vcol.col-title > a.title', 'gjf231jj', null, null, 'LINK_HREF', 0, null, null, null, null, '2025-10-31 07:39:56.421000 +00:00', '2025-10-31 07:39:56.421000 +00:00');
INSERT INTO community.scrap_property (id, attr_name, extract_method, selector, scrap_info_id, ad_detection_regex, date_format, post_property_type, select_idx, property_skip_detection_regex, date_format_2, created_by, updated_by, created_at, updated_at) VALUES ('DAFHSDFG', 'src', 'ATTR', 'td.li_num > div.thumb_div > a > img', 'gjf231jo', null, null, 'THUMBNAIL_SRC', 0, null, null, null, null, '2025-10-31 07:39:56.421000 +00:00', '2025-10-31 07:39:56.421000 +00:00');
INSERT INTO community.scrap_property (id, attr_name, extract_method, selector, scrap_info_id, ad_detection_regex, date_format, post_property_type, select_idx, property_skip_detection_regex, date_format_2, created_by, updated_by, created_at, updated_at) VALUES ('34ghqg4g', null, 'TEXT', 'span.text_over', 'gjf231jg', '스폰서', null, 'CATEGORY_NAME', 0, null, null, null, null, '2025-10-31 07:39:56.421000 +00:00', '2025-10-31 07:39:56.421000 +00:00');
INSERT INTO community.scrap_property (id, attr_name, extract_method, selector, scrap_info_id, ad_detection_regex, date_format, post_property_type, select_idx, property_skip_detection_regex, date_format_2, created_by, updated_by, created_at, updated_at) VALUES ('hac2tf9', 'title', 'ATTR', 'td.gall_date', 'gjf231jd', null, 'yyyy-MM-dd HH:mm:ss', 'POSTED_AT', 0, null, null, null, null, '2025-10-31 07:39:56.421000 +00:00', '2025-10-31 07:39:56.421000 +00:00');
INSERT INTO community.scrap_property (id, attr_name, extract_method, selector, scrap_info_id, ad_detection_regex, date_format, post_property_type, select_idx, property_skip_detection_regex, date_format_2, created_by, updated_by, created_at, updated_at) VALUES ('hac2tf5', null, 'TEXT', 'td.gall_tit > a', 'gjf231jd', null, null, 'TITLE', 0, null, null, null, null, '2025-10-31 07:39:56.421000 +00:00', '2025-10-31 07:39:56.421000 +00:00');
INSERT INTO community.scrap_property (id, attr_name, extract_method, selector, scrap_info_id, ad_detection_regex, date_format, post_property_type, select_idx, property_skip_detection_regex, date_format_2, created_by, updated_by, created_at, updated_at) VALUES ('hac2tf6', null, 'TEXT', 'td.gall_tit > a', 'gjf231jd', null, null, 'CATEGORY_NAME', 0, null, null, null, null, '2025-10-31 07:39:56.421000 +00:00', '2025-10-31 07:39:56.421000 +00:00');
INSERT INTO community.scrap_property (id, attr_name, extract_method, selector, scrap_info_id, ad_detection_regex, date_format, post_property_type, select_idx, property_skip_detection_regex, date_format_2, created_by, updated_by, created_at, updated_at) VALUES ('q3g4gfq3f', null, 'TEXT', 'td.writer', 'gjf231jg', null, null, 'AUTHOR_NAME', 0, null, null, null, null, '2025-10-31 07:39:56.421000 +00:00', '2025-10-31 07:39:56.421000 +00:00');
INSERT INTO community.scrap_property (id, attr_name, extract_method, selector, scrap_info_id, ad_detection_regex, date_format, post_property_type, select_idx, property_skip_detection_regex, date_format_2, created_by, updated_by, created_at, updated_at) VALUES ('xcvadfd', null, 'TEXT', 'div.title div.cate', 'gjf231ji', null, null, 'CATEGORY_NAME', 0, null, null, null, null, '2025-10-31 07:39:56.421000 +00:00', '2025-10-31 07:39:56.421000 +00:00');
INSERT INTO community.scrap_property (id, attr_name, extract_method, selector, scrap_info_id, ad_detection_regex, date_format, post_property_type, select_idx, property_skip_detection_regex, date_format_2, created_by, updated_by, created_at, updated_at) VALUES ('gadfasdf', null, 'OWN_TEXT', 'div.title div.name', 'gjf231ji', null, null, 'TITLE', 0, null, null, null, null, '2025-10-31 07:39:56.421000 +00:00', '2025-10-31 07:39:56.421000 +00:00');
INSERT INTO community.scrap_property (id, attr_name, extract_method, selector, scrap_info_id, ad_detection_regex, date_format, post_property_type, select_idx, property_skip_detection_regex, date_format_2, created_by, updated_by, created_at, updated_at) VALUES ('ADFHAFH', null, 'TEXT', 'td.li_icn > table > tbody > tr > td.g6 > span > span.hu_nick_txt', 'gjf231jo', null, null, 'AUTHOR_NAME', 0, null, null, null, null, '2025-10-31 07:39:56.421000 +00:00', '2025-10-31 07:39:56.421000 +00:00');
INSERT INTO community.scrap_property (id, attr_name, extract_method, selector, scrap_info_id, ad_detection_regex, date_format, post_property_type, select_idx, property_skip_detection_regex, date_format_2, created_by, updated_by, created_at, updated_at) VALUES ('f43g3fg43', null, 'TEXT', 'td.no', 'gjf231je', null, null, 'POST_NO', 0, null, null, null, null, '2025-10-31 07:39:56.421000 +00:00', '2025-10-31 07:39:56.421000 +00:00');
INSERT INTO community.scrap_property (id, attr_name, extract_method, selector, scrap_info_id, ad_detection_regex, date_format, post_property_type, select_idx, property_skip_detection_regex, date_format_2, created_by, updated_by, created_at, updated_at) VALUES ('adgsdfsdf', null, 'TEXT', 'div.text > div.info > span.user_name', 'gjf231jh', null, null, 'AUTHOR_NAME', 0, null, null, null, null, '2025-10-31 07:39:56.421000 +00:00', '2025-10-31 07:39:56.421000 +00:00');
INSERT INTO community.scrap_property (id, attr_name, extract_method, selector, scrap_info_id, ad_detection_regex, date_format, post_property_type, select_idx, property_skip_detection_regex, date_format_2, created_by, updated_by, created_at, updated_at) VALUES ('hasdgadh', null, 'TEXT', 'div.date', 'gjf231ji', null, 'HH:mm', 'POSTED_AT', 0, null, 'MM-dd', null, null, '2025-10-31 07:39:56.421000 +00:00', '2025-10-31 07:39:56.421000 +00:00');
INSERT INTO community.scrap_property (id, attr_name, extract_method, selector, scrap_info_id, ad_detection_regex, date_format, post_property_type, select_idx, property_skip_detection_regex, date_format_2, created_by, updated_by, created_at, updated_at) VALUES ('f23ff344f', 'src', 'ATTR', 'div.li > a > img.thumb', 'gkfj23jd', null, null, 'THUMBNAIL_SRC', 0, null, null, null, null, '2025-10-31 07:39:56.421000 +00:00', '2025-10-31 07:39:56.421000 +00:00');
INSERT INTO community.scrap_property (id, attr_name, extract_method, selector, scrap_info_id, ad_detection_regex, date_format, post_property_type, select_idx, property_skip_detection_regex, date_format_2, created_by, updated_by, created_at, updated_at) VALUES ('hac2t10', null, 'TEXT', 'td.gall_count', 'gjf231jd', null, null, 'VIEW_COUNT', 0, null, null, null, null, '2025-10-31 07:39:56.421000 +00:00', '2025-10-31 07:39:56.421000 +00:00');
INSERT INTO community.scrap_property (id, attr_name, extract_method, selector, scrap_info_id, ad_detection_regex, date_format, post_property_type, select_idx, property_skip_detection_regex, date_format_2, created_by, updated_by, created_at, updated_at) VALUES ('asdfsdf13f', null, 'TEXT', 'span.cmt2', 'gjf231jm', null, null, 'COMMENT_COUNT', 0, null, null, null, null, '2025-10-31 07:39:56.421000 +00:00', '2025-10-31 07:39:56.421000 +00:00');
INSERT INTO community.scrap_property (id, attr_name, extract_method, selector, scrap_info_id, ad_detection_regex, date_format, post_property_type, select_idx, property_skip_detection_regex, date_format_2, created_by, updated_by, created_at, updated_at) VALUES ('23f23f23fd', 'href', 'ATTR', 'td.title a.baseList-title', 'gjf231jf', null, null, 'LINK_HREF', 1, null, null, null, null, '2025-10-31 07:39:56.421000 +00:00', '2025-10-31 07:39:56.421000 +00:00');
INSERT INTO community.scrap_property (id, attr_name, extract_method, selector, scrap_info_id, ad_detection_regex, date_format, post_property_type, select_idx, property_skip_detection_regex, date_format_2, created_by, updated_by, created_at, updated_at) VALUES ('qg34f34qgf', null, 'TEXT', 'span.num_reply', 'gjf231jg', null, null, 'COMMENT_COUNT', 0, null, null, null, null, '2025-10-31 07:39:56.421000 +00:00', '2025-10-31 07:39:56.421000 +00:00');
INSERT INTO community.scrap_property (id, attr_name, extract_method, selector, scrap_info_id, ad_detection_regex, date_format, post_property_type, select_idx, property_skip_detection_regex, date_format_2, created_by, updated_by, created_at, updated_at) VALUES ('dagfagadf', 'href', 'ATTR', 'div.text > div.title a[href]', 'gjf231jh', null, null, 'LINK_HREF', 0, null, null, null, null, '2025-10-31 07:39:56.421000 +00:00', '2025-10-31 07:39:56.421000 +00:00');
INSERT INTO community.scrap_property (id, attr_name, extract_method, selector, scrap_info_id, ad_detection_regex, date_format, post_property_type, select_idx, property_skip_detection_regex, date_format_2, created_by, updated_by, created_at, updated_at) VALUES ('SDGADFH', 'href', 'ATTR', 'td.li_sbj > a', 'gjf231jo', null, null, 'LINK_HREF', 0, null, null, null, null, '2025-10-31 07:39:56.421000 +00:00', '2025-10-31 07:39:56.421000 +00:00');
INSERT INTO community.scrap_property (id, attr_name, extract_method, selector, scrap_info_id, ad_detection_regex, date_format, post_property_type, select_idx, property_skip_detection_regex, date_format_2, created_by, updated_by, created_at, updated_at) VALUES ('2fefdwefw1', null, 'TEXT', 'td.baseList-numb > a', 'gjf231jf', '스폰서', null, 'CATEGORY_NAME', 0, null, null, null, null, '2025-10-31 07:39:56.421000 +00:00', '2025-10-31 07:39:56.421000 +00:00');
INSERT INTO community.scrap_property (id, attr_name, extract_method, selector, scrap_info_id, ad_detection_regex, date_format, post_property_type, select_idx, property_skip_detection_regex, date_format_2, created_by, updated_by, created_at, updated_at) VALUES ('hac2tf8', 'title', 'ATTR', 'td.gall_writer > span.nickname', 'gjf231jd', null, null, 'AUTHOR_NAME', 0, null, null, null, null, '2025-10-31 07:39:56.421000 +00:00', '2025-10-31 07:39:56.421000 +00:00');
INSERT INTO community.scrap_property (id, attr_name, extract_method, selector, scrap_info_id, ad_detection_regex, date_format, post_property_type, select_idx, property_skip_detection_regex, date_format_2, created_by, updated_by, created_at, updated_at) VALUES ('2bn4hb2b4', null, 'TEXT', 'td.category', 'gjf231jm', null, null, 'CATEGORY_NAME', 0, null, null, null, null, '2025-10-31 07:39:56.421000 +00:00', '2025-10-31 07:39:56.421000 +00:00');
INSERT INTO community.scrap_property (id, attr_name, extract_method, selector, scrap_info_id, ad_detection_regex, date_format, post_property_type, select_idx, property_skip_detection_regex, date_format_2, created_by, updated_by, created_at, updated_at) VALUES ('r3gf234f2f', null, 'TEXT', 'h3.search_title', 'gjf231jn', null, null, 'TITLE', 0, null, null, null, null, '2025-10-31 07:39:56.421000 +00:00', '2025-10-31 07:39:56.421000 +00:00');
INSERT INTO community.scrap_property (id, attr_name, extract_method, selector, scrap_info_id, ad_detection_regex, date_format, post_property_type, select_idx, property_skip_detection_regex, date_format_2, created_by, updated_by, created_at, updated_at) VALUES ('34g34g34g54', 'href', 'ATTR', 'td.title > a', 'gjf231je', null, null, 'LINK_HREF', 0, null, null, null, null, '2025-10-31 07:39:56.421000 +00:00', '2025-10-31 07:39:56.421000 +00:00');
INSERT INTO community.scrap_property (id, attr_name, extract_method, selector, scrap_info_id, ad_detection_regex, date_format, post_property_type, select_idx, property_skip_detection_regex, date_format_2, created_by, updated_by, created_at, updated_at) VALUES ('adfgaaf', null, 'TEXT', 'div.text > span.item_sub', 'gjf231jh', null, null, 'CATEGORY_NAME', 0, null, null, null, null, '2025-10-31 07:39:56.421000 +00:00', '2025-10-31 07:39:56.421000 +00:00');
INSERT INTO community.scrap_property (id, attr_name, extract_method, selector, scrap_info_id, ad_detection_regex, date_format, post_property_type, select_idx, property_skip_detection_regex, date_format_2, created_by, updated_by, created_at, updated_at) VALUES ('dsf23f2f', 'href', 'ATTR', 'a[href]', 'gjf231jn', null, null, 'LINK_HREF', 0, null, null, null, null, '2025-10-31 07:39:56.421000 +00:00', '2025-10-31 07:39:56.421000 +00:00');
INSERT INTO community.scrap_property (id, attr_name, extract_method, selector, scrap_info_id, ad_detection_regex, date_format, post_property_type, select_idx, property_skip_detection_regex, date_format_2, created_by, updated_by, created_at, updated_at) VALUES ('ARTJAARH', null, 'TEXT', 'div > div.content_box > a.content_link > div.info > span.nick', 'gjf231jp', null, null, 'AUTHOR_NAME', 0, null, null, null, null, '2025-10-31 07:39:56.421000 +00:00', '2025-10-31 07:39:56.421000 +00:00');
INSERT INTO community.scrap_property (id, attr_name, extract_method, selector, scrap_info_id, ad_detection_regex, date_format, post_property_type, select_idx, property_skip_detection_regex, date_format_2, created_by, updated_by, created_at, updated_at) VALUES ('3bvvv3b344', null, 'TEXT', 'td.recomd', 'gjf231jg', null, null, 'LIKE_COUNT', 0, null, null, null, null, '2025-10-31 07:39:56.421000 +00:00', '2025-10-31 07:39:56.421000 +00:00');
INSERT INTO community.scrap_property (id, attr_name, extract_method, selector, scrap_info_id, ad_detection_regex, date_format, post_property_type, select_idx, property_skip_detection_regex, date_format_2, created_by, updated_by, created_at, updated_at) VALUES ('ffwef232', null, 'TEXT', 'div.li > h3.title > a > span.comment_count', 'gkfj23jd', null, null, 'COMMENT_COUNT', 0, null, null, null, null, '2025-10-31 07:39:56.421000 +00:00', '2025-10-31 07:39:56.421000 +00:00');
INSERT INTO community.scrap_property (id, attr_name, extract_method, selector, scrap_info_id, ad_detection_regex, date_format, post_property_type, select_idx, property_skip_detection_regex, date_format_2, created_by, updated_by, created_at, updated_at) VALUES ('dafagwefw', null, 'TEXT', 'div.text > div.info > span.date', 'gjf231jh', null, 'HH:mm:ss', 'POSTED_AT', 0, null, 'yyyy-MM-dd', null, null, '2025-10-31 07:39:56.421000 +00:00', '2025-10-31 07:39:56.421000 +00:00');
INSERT INTO community.scrap_property (id, attr_name, extract_method, selector, scrap_info_id, ad_detection_regex, date_format, post_property_type, select_idx, property_skip_detection_regex, date_format_2, created_by, updated_by, created_at, updated_at) VALUES ('fd23df2f', null, 'TEXT', 'td.cate > span', 'gjf231je', null, null, 'CATEGORY_NAME', 0, null, null, null, null, '2025-10-31 07:39:56.421000 +00:00', '2025-10-31 07:39:56.421000 +00:00');
INSERT INTO community.scrap_property (id, attr_name, extract_method, selector, scrap_info_id, ad_detection_regex, date_format, post_property_type, select_idx, property_skip_detection_regex, date_format_2, created_by, updated_by, created_at, updated_at) VALUES ('jtrjtyytj', 'src', 'ATTR', 'div.thumb > a > img', 'gjf231jk', null, null, 'THUMBNAIL_SRC', 0, null, null, null, null, '2025-10-31 07:39:56.421000 +00:00', '2025-10-31 07:39:56.421000 +00:00');
INSERT INTO community.scrap_property (id, attr_name, extract_method, selector, scrap_info_id, ad_detection_regex, date_format, post_property_type, select_idx, property_skip_detection_regex, date_format_2, created_by, updated_by, created_at, updated_at) VALUES ('34f34f34g', null, 'TEXT', 'span.text_over', 'gjf231jg', 'AD', null, 'TITLE', 0, null, null, null, null, '2025-10-31 07:39:56.421000 +00:00', '2025-10-31 07:39:56.421000 +00:00');
INSERT INTO community.scrap_property (id, attr_name, extract_method, selector, scrap_info_id, ad_detection_regex, date_format, post_property_type, select_idx, property_skip_detection_regex, date_format_2, created_by, updated_by, created_at, updated_at) VALUES ('asdfggf1', 'src', 'ATTR', 'td.title a.baseList-thumb img', 'gjf231jf', null, null, 'THUMBNAIL_SRC', 0, 'noimage', null, null, null, '2025-10-31 07:39:56.421000 +00:00', '2025-10-31 07:39:56.421000 +00:00');
INSERT INTO community.scrap_property (id, attr_name, extract_method, selector, scrap_info_id, ad_detection_regex, date_format, post_property_type, select_idx, property_skip_detection_regex, date_format_2, created_by, updated_by, created_at, updated_at) VALUES ('sdgagfdafd', null, 'OWN_TEXT', 'div.vrow-inner > div.vrow-top > span.vcol.col-title > a.title', 'gjf231jj', null, null, 'TITLE', 0, null, null, null, null, '2025-10-31 07:39:56.421000 +00:00', '2025-10-31 07:39:56.421000 +00:00');
INSERT INTO community.scrap_property (id, attr_name, extract_method, selector, scrap_info_id, ad_detection_regex, date_format, post_property_type, select_idx, property_skip_detection_regex, date_format_2, created_by, updated_by, created_at, updated_at) VALUES ('h153r3tf5', null, 'TEXT', 'div.li > h3.title > a', 'gkfj23jd', null, null, 'TITLE', 0, null, null, null, null, '2025-10-31 07:39:56.421000 +00:00', '2025-10-31 07:39:56.421000 +00:00');
INSERT INTO community.scrap_property (id, attr_name, extract_method, selector, scrap_info_id, ad_detection_regex, date_format, post_property_type, select_idx, property_skip_detection_regex, date_format_2, created_by, updated_by, created_at, updated_at) VALUES ('hac2tf4', 'href', 'ATTR', 'td.gall_tit a', 'gjf231jd', null, null, 'LINK_HREF', 0, null, null, null, null, '2025-10-31 07:39:56.421000 +00:00', '2025-10-31 07:39:56.421000 +00:00');
INSERT INTO community.scrap_property (id, attr_name, extract_method, selector, scrap_info_id, ad_detection_regex, date_format, post_property_type, select_idx, property_skip_detection_regex, date_format_2, created_by, updated_by, created_at, updated_at) VALUES ('ADFGJAERTYG', 'src', 'ATTR', 'div > a.thumbnail > img', 'gjf231jp', null, null, 'THUMBNAIL_SRC', 0, null, null, null, null, '2025-10-31 07:39:56.421000 +00:00', '2025-10-31 07:39:56.421000 +00:00');
INSERT INTO community.scrap_property (id, attr_name, extract_method, selector, scrap_info_id, ad_detection_regex, date_format, post_property_type, select_idx, property_skip_detection_regex, date_format_2, created_by, updated_by, created_at, updated_at) VALUES ('34f2g4gf', null, 'TEXT', 'div.li > div > span.author', 'gkfj23jd', null, null, 'AUTHOR_NAME', 0, null, null, null, null, '2025-10-31 07:39:56.421000 +00:00', '2025-10-31 07:39:56.421000 +00:00');
INSERT INTO community.scrap_property (id, attr_name, extract_method, selector, scrap_info_id, ad_detection_regex, date_format, post_property_type, select_idx, property_skip_detection_regex, date_format_2, created_by, updated_by, created_at, updated_at) VALUES ('g2f3fgfg23f', null, 'TEXT', 'td.title > a.replyNum', 'gjf231je', null, null, 'COMMENT_COUNT', 0, null, null, null, null, '2025-10-31 07:39:56.421000 +00:00', '2025-10-31 07:39:56.421000 +00:00');
INSERT INTO community.scrap_property (id, attr_name, extract_method, selector, scrap_info_id, ad_detection_regex, date_format, post_property_type, select_idx, property_skip_detection_regex, date_format_2, created_by, updated_by, created_at, updated_at) VALUES ('23fdsfsdg13', null, 'TEXT', 'td.board_date', 'gjf231jf', null, null, 'VIEW_COUNT', 2, null, null, null, null, '2025-10-31 07:39:56.421000 +00:00', '2025-10-31 07:39:56.421000 +00:00');
INSERT INTO community.scrap_property (id, attr_name, extract_method, selector, scrap_info_id, ad_detection_regex, date_format, post_property_type, select_idx, property_skip_detection_regex, date_format_2, created_by, updated_by, created_at, updated_at) VALUES ('DFGHAHF', null, 'TEXT', 'div.list_title > a.list_subject > span.subject_fixed', 'gjf231jl', null, null, 'TITLE', 0, null, null, null, null, '2025-10-31 07:39:56.421000 +00:00', '2025-10-31 07:39:56.421000 +00:00');
INSERT INTO community.scrap_property (id, attr_name, extract_method, selector, scrap_info_id, ad_detection_regex, date_format, post_property_type, select_idx, property_skip_detection_regex, date_format_2, created_by, updated_by, created_at, updated_at) VALUES ('kjghjghj', null, 'TEXT', 'div.vrow-inner > div.vrow-top > span.vcol.col-title > span.badges > a.badge', 'gjf231jj', null, null, 'CATEGORY_NAME', 0, null, null, null, null, '2025-10-31 07:39:56.421000 +00:00', '2025-10-31 07:39:56.421000 +00:00');
INSERT INTO community.scrap_property (id, attr_name, extract_method, selector, scrap_info_id, ad_detection_regex, date_format, post_property_type, select_idx, property_skip_detection_regex, date_format_2, created_by, updated_by, created_at, updated_at) VALUES ('sdf23fwefs', null, 'TEXT', 'td.title span.list_commend2', 'gjf231jf', null, null, 'COMMENT_COUNT', 0, null, null, null, null, '2025-10-31 07:39:56.421000 +00:00', '2025-10-31 07:39:56.421000 +00:00');
INSERT INTO community.scrap_property (id, attr_name, extract_method, selector, scrap_info_id, ad_detection_regex, date_format, post_property_type, select_idx, property_skip_detection_regex, date_format_2, created_by, updated_by, created_at, updated_at) VALUES ('d23cc2cc', null, 'TEXT', 'td.hit', 'gjf231jg', null, null, 'VIEW_COUNT', 0, null, null, null, null, '2025-10-31 07:39:56.421000 +00:00', '2025-10-31 07:39:56.421000 +00:00');
INSERT INTO community.scrap_property (id, attr_name, extract_method, selector, scrap_info_id, ad_detection_regex, date_format, post_property_type, select_idx, property_skip_detection_regex, date_format_2, created_by, updated_by, created_at, updated_at) VALUES ('RWEHHE', null, 'TEXT', 'div.list_author > span.nickname > span', 'gjf231jl', null, null, 'AUTHOR_NAME', 0, null, null, null, null, '2025-10-31 07:39:56.421000 +00:00', '2025-10-31 07:39:56.421000 +00:00');
INSERT INTO community.scrap_property (id, attr_name, extract_method, selector, scrap_info_id, ad_detection_regex, date_format, post_property_type, select_idx, property_skip_detection_regex, date_format_2, created_by, updated_by, created_at, updated_at) VALUES ('sadfhgf21', null, 'TEXT', 'td.board_date', 'gjf231jf', null, null, 'LIKE_COUNT', 1, null, null, null, null, '2025-10-31 07:39:56.421000 +00:00', '2025-10-31 07:39:56.421000 +00:00');
INSERT INTO community.scrap_property (id, attr_name, extract_method, selector, scrap_info_id, ad_detection_regex, date_format, post_property_type, select_idx, property_skip_detection_regex, date_format_2, created_by, updated_by, created_at, updated_at) VALUES ('23f2df23d', 'href', 'ATTR', 'td.pl14 a.bsubject', 'gjf231jm', null, null, 'LINK_HREF', 0, null, null, null, null, '2025-10-31 07:39:56.421000 +00:00', '2025-10-31 07:39:56.421000 +00:00');
INSERT INTO community.scrap_property (id, attr_name, extract_method, selector, scrap_info_id, ad_detection_regex, date_format, post_property_type, select_idx, property_skip_detection_regex, date_format_2, created_by, updated_by, created_at, updated_at) VALUES ('ahaegrer', null, 'OWN_TEXT', 'dl > dt > h2 > a', 'gjf231jk', null, null, 'TITLE', 0, null, null, null, null, '2025-10-31 07:39:56.421000 +00:00', '2025-10-31 07:39:56.421000 +00:00');
INSERT INTO community.scrap_property (id, attr_name, extract_method, selector, scrap_info_id, ad_detection_regex, date_format, post_property_type, select_idx, property_skip_detection_regex, date_format_2, created_by, updated_by, created_at, updated_at) VALUES ('dsfdgfhb', 'href', 'ATTR', '.title a[href]', 'gjf231ji', null, null, 'LINK_HREF', 0, null, null, null, null, '2025-10-31 07:39:56.421000 +00:00', '2025-10-31 07:39:56.421000 +00:00');
INSERT INTO community.scrap_property (id, attr_name, extract_method, selector, scrap_info_id, ad_detection_regex, date_format, post_property_type, select_idx, property_skip_detection_regex, date_format_2, created_by, updated_by, created_at, updated_at) VALUES ('shgxcvd', null, 'TEXT', 'div.writer > span.layerNickName', 'gjf231ji', null, null, 'AUTHOR_NAME', 0, null, null, null, null, '2025-10-31 07:39:56.421000 +00:00', '2025-10-31 07:39:56.421000 +00:00');
INSERT INTO community.scrap_property (id, attr_name, extract_method, selector, scrap_info_id, ad_detection_regex, date_format, post_property_type, select_idx, property_skip_detection_regex, date_format_2, created_by, updated_by, created_at, updated_at) VALUES ('dgafdg24', null, 'TEXT', 'div.li > div > span.category', 'gkfj23jd', null, null, 'CATEGORY_NAME', 0, null, null, null, null, '2025-10-31 07:39:56.421000 +00:00', '2025-10-31 07:39:56.421000 +00:00');
INSERT INTO community.scrap_property (id, attr_name, extract_method, selector, scrap_info_id, ad_detection_regex, date_format, post_property_type, select_idx, property_skip_detection_regex, date_format_2, created_by, updated_by, created_at, updated_at) VALUES ('hac2t11', null, 'TEXT', 'td.gall_recommend', 'gjf231jd', null, null, 'LIKE_COUNT', 0, null, null, null, null, '2025-10-31 07:39:56.421000 +00:00', '2025-10-31 07:39:56.421000 +00:00');
INSERT INTO community.scrap_property (id, attr_name, extract_method, selector, scrap_info_id, ad_detection_regex, date_format, post_property_type, select_idx, property_skip_detection_regex, date_format_2, created_by, updated_by, created_at, updated_at) VALUES ('asgasdfsdf', null, 'TEXT', 'div.text > div.title a', 'gjf231jh', null, null, 'TITLE', 0, null, null, null, null, '2025-10-31 07:39:56.421000 +00:00', '2025-10-31 07:39:56.421000 +00:00');
INSERT INTO community.scrap_property (id, attr_name, extract_method, selector, scrap_info_id, ad_detection_regex, date_format, post_property_type, select_idx, property_skip_detection_regex, date_format_2, created_by, updated_by, created_at, updated_at) VALUES ('23fewf13ff', null, 'TEXT', 'td.title a.baseList-title', 'gjf231jf', 'AD', null, 'TITLE', 1, null, null, null, null, '2025-10-31 07:39:56.421000 +00:00', '2025-10-31 07:39:56.421000 +00:00');
INSERT INTO community.scrap_property (id, attr_name, extract_method, selector, scrap_info_id, ad_detection_regex, date_format, post_property_type, select_idx, property_skip_detection_regex, date_format_2, created_by, updated_by, created_at, updated_at) VALUES ('refgef432', null, 'TEXT', 'td.id', 'gjf231jg', null, null, 'POST_NO', 0, null, null, null, null, '2025-10-31 07:39:56.421000 +00:00', '2025-10-31 07:39:56.421000 +00:00');
INSERT INTO community.scrap_property (id, attr_name, extract_method, selector, scrap_info_id, ad_detection_regex, date_format, post_property_type, select_idx, property_skip_detection_regex, date_format_2, created_by, updated_by, created_at, updated_at) VALUES ('hg34334g', null, 'TEXT', 'div.li > a.pc_voted_count > span.count', 'gkfj23jd', null, null, 'LIKE_COUNT', 0, null, null, null, null, '2025-10-31 07:39:56.421000 +00:00', '2025-10-31 07:39:56.421000 +00:00');
INSERT INTO community.scrap_property (id, attr_name, extract_method, selector, scrap_info_id, ad_detection_regex, date_format, post_property_type, select_idx, property_skip_detection_regex, date_format_2, created_by, updated_by, created_at, updated_at) VALUES ('erg34fw3', null, 'TEXT', 'div.text > span.minitext2', 'gjf231jn', null, null, 'CATEGORY_NAME', 0, null, null, null, null, '2025-10-31 07:39:56.421000 +00:00', '2025-10-31 07:39:56.421000 +00:00');
INSERT INTO community.scrap_property (id, attr_name, extract_method, selector, scrap_info_id, ad_detection_regex, date_format, post_property_type, select_idx, property_skip_detection_regex, date_format_2, created_by, updated_by, created_at, updated_at) VALUES ('shgsdfgsdf', 'src', 'ATTR', 'div.text > div.photo img', 'gjf231jh', null, null, 'THUMBNAIL_SRC', 0, null, null, null, null, '2025-10-31 07:39:56.421000 +00:00', '2025-10-31 07:39:56.421000 +00:00');
INSERT INTO community.scrap_property (id, attr_name, extract_method, selector, scrap_info_id, ad_detection_regex, date_format, post_property_type, select_idx, property_skip_detection_regex, date_format_2, created_by, updated_by, created_at, updated_at) VALUES ('dfhafag', null, 'TEXT', 'td.li_sbj > a > span', 'gjf231jo', null, null, 'TITLE', 0, null, null, null, null, '2025-10-31 07:39:56.421000 +00:00', '2025-10-31 07:39:56.421000 +00:00');
INSERT INTO community.scrap_property (id, attr_name, extract_method, selector, scrap_info_id, ad_detection_regex, date_format, post_property_type, select_idx, property_skip_detection_regex, date_format_2, created_by, updated_by, created_at, updated_at) VALUES ('DAFJSFRGH', null, 'TEXT', 'div > div.content_box > a.content_link > div.subject_box > p.subject', 'gjf231jp', null, null, 'TITLE', 0, null, null, null, null, '2025-10-31 07:39:56.421000 +00:00', '2025-10-31 07:39:56.421000 +00:00');
INSERT INTO community.scrap_property (id, attr_name, extract_method, selector, scrap_info_id, ad_detection_regex, date_format, post_property_type, select_idx, property_skip_detection_regex, date_format_2, created_by, updated_by, created_at, updated_at) VALUES ('sdgsdfdsfs', 'src', 'ATTR', 'div.text > div.photo img', 'gjf231jj', null, null, 'THUMBNAIL_SRC', 0, null, null, null, null, '2025-10-31 07:39:56.421000 +00:00', '2025-10-31 07:39:56.421000 +00:00');

-- initial scrap_process
INSERT INTO community.scrap_process (id, matcher_regex, process_order, replace_from, replace_to, scrap_process_type, split_index, split_str, scrap_property_id, matcher_group_no, created_by, updated_by, created_at, updated_at) VALUES ('dfg24ff', null, 0, null, null, 'SPLIT', 0, '-', 'sadfhgf21', null, null, null, '2025-10-31 07:41:09.608000 +00:00', '2025-10-31 07:41:09.608000 +00:00');
INSERT INTO community.scrap_process (id, matcher_regex, process_order, replace_from, replace_to, scrap_process_type, split_index, split_str, scrap_property_id, matcher_group_no, created_by, updated_by, created_at, updated_at) VALUES ('gefdg2233', null, 0, ',', '', 'REPLACE_ALL', null, null, 'g2f3fgfg23f', null, null, null, '2025-10-31 07:41:09.608000 +00:00', '2025-10-31 07:41:09.608000 +00:00');
INSERT INTO community.scrap_process (id, matcher_regex, process_order, replace_from, replace_to, scrap_process_type, split_index, split_str, scrap_property_id, matcher_group_no, created_by, updated_by, created_at, updated_at) VALUES ('3hbn4gb34g', null, 0, '[^0-9]', '', 'REPLACE_ALL', null, null, 'c213c234gv4', null, null, null, '2025-10-31 07:41:09.608000 +00:00', '2025-10-31 07:41:09.608000 +00:00');
INSERT INTO community.scrap_process (id, matcher_regex, process_order, replace_from, replace_to, scrap_process_type, split_index, split_str, scrap_property_id, matcher_group_no, created_by, updated_by, created_at, updated_at) VALUES ('33d2fff', null, 0, '[\[\]]', '', 'REPLACE_ALL', null, null, 'ffwef232', null, null, null, '2025-10-31 07:41:09.608000 +00:00', '2025-10-31 07:41:09.608000 +00:00');
INSERT INTO community.scrap_process (id, matcher_regex, process_order, replace_from, replace_to, scrap_process_type, split_index, split_str, scrap_property_id, matcher_group_no, created_by, updated_by, created_at, updated_at) VALUES ('sgfq234f', null, 0, ',', '', 'REPLACE_ALL', null, null, '23fdsfsdg13', null, null, null, '2025-10-31 07:41:09.608000 +00:00', '2025-10-31 07:41:09.608000 +00:00');
INSERT INTO community.scrap_process (id, matcher_regex, process_order, replace_from, replace_to, scrap_process_type, split_index, split_str, scrap_property_id, matcher_group_no, created_by, updated_by, created_at, updated_at) VALUES ('g4f3f3f23', '\((\d+)\)', 0, null, null, 'MATCHER', null, null, 'qg34f34qgf', 1, null, null, '2025-10-31 07:41:09.608000 +00:00', '2025-10-31 07:41:09.608000 +00:00');
INSERT INTO community.scrap_process (id, matcher_regex, process_order, replace_from, replace_to, scrap_process_type, split_index, split_str, scrap_property_id, matcher_group_no, created_by, updated_by, created_at, updated_at) VALUES ('f4d2fdew3fd', '([\[(]?)([가-힣a-zA-Z0-9_]+)[\])]?\)', 0, null, null, 'MATCHER', null, null, '34ghqg4g', 2, null, null, '2025-10-31 07:41:09.608000 +00:00', '2025-10-31 07:41:09.608000 +00:00');
INSERT INTO community.scrap_process (id, matcher_regex, process_order, replace_from, replace_to, scrap_process_type, split_index, split_str, scrap_property_id, matcher_group_no, created_by, updated_by, created_at, updated_at) VALUES ('sdf23ff3f', null, 0, ',', '', 'REPLACE_ALL', null, null, 'sdf23fwefs', null, null, null, '2025-10-31 07:41:09.608000 +00:00', '2025-10-31 07:41:09.608000 +00:00');
INSERT INTO community.scrap_process (id, matcher_regex, process_order, replace_from, replace_to, scrap_process_type, split_index, split_str, scrap_property_id, matcher_group_no, created_by, updated_by, created_at, updated_at) VALUES ('hac2t11', '\[(.*?)]', 0, null, null, 'MATCHER', null, null, 'hac2tf6', 1, null, null, '2025-10-31 07:41:09.608000 +00:00', '2025-10-31 07:41:09.608000 +00:00');
INSERT INTO community.scrap_process (id, matcher_regex, process_order, replace_from, replace_to, scrap_process_type, split_index, split_str, scrap_property_id, matcher_group_no, created_by, updated_by, created_at, updated_at) VALUES ('1f24f2', '조회\s*(\d+)', 0, null, null, 'MATCHER', null, null, 'sdfwe13d', 1, null, null, '2025-10-31 07:41:09.608000 +00:00', '2025-10-31 07:41:09.608000 +00:00');
INSERT INTO community.scrap_process (id, matcher_regex, process_order, replace_from, replace_to, scrap_process_type, split_index, split_str, scrap_property_id, matcher_group_no, created_by, updated_by, created_at, updated_at) VALUES ('dfg24f2f', null, 0, ',', '', 'REPLACE_ALL', null, null, '34hggf34g', null, null, null, '2025-10-31 07:41:09.608000 +00:00', '2025-10-31 07:41:09.608000 +00:00');
INSERT INTO community.scrap_process (id, matcher_regex, process_order, replace_from, replace_to, scrap_process_type, split_index, split_str, scrap_property_id, matcher_group_no, created_by, updated_by, created_at, updated_at) VALUES ('dsf131f3', null, 0, '/', '', 'REPLACE', null, null, '34f2g4gf', null, null, null, '2025-10-31 07:41:09.608000 +00:00', '2025-10-31 07:41:09.608000 +00:00');
INSERT INTO community.scrap_process (id, matcher_regex, process_order, replace_from, replace_to, scrap_process_type, split_index, split_str, scrap_property_id, matcher_group_no, created_by, updated_by, created_at, updated_at) VALUES ('n34bv2v', null, 0, ',', '', 'REPLACE_ALL', null, null, 'c213c234gv4', null, null, null, '2025-10-31 07:41:09.608000 +00:00', '2025-10-31 07:41:09.608000 +00:00');
